Designator,Footprint,Quantity,Value,LCSC Part #
AE1,RFANT5220110A2T,1,Antenna,
"C1, C5",0603,2,4.7uF,
"C10, C12, C14, C15, C17, C20, C22, C23, C24, C9",0603,10,100nF,
C11,0603,1,2.2uF,
"C13, C16, C21, C25, C3, C6, C7, C8",0805,8,10uF,
"C18, C19",0603,2,1.2pF,
"C2, C4",0603,2,1uF,
D1,D_SOD-123,1,MBR0520,
D2,LED_5mm_Side_Mount,1,SFH4346,
"D3, D4, D5",0603,3,LED,
F1,1206,1,500mA,
"FID1, FID2, FID3, FID4",Fiducial_1mm_Mask2mm,4,Fiducial,
"H1, H2, H3, H4, H5",MountingHole_3.2mm_M3_Pad_Via,5,MountingHole,
"H6, H7",MountingHole_2.5mm,2,MountingHole,
J1,USB_C_Receptacle_HRO_TYPE-C-31-M-12,1,USB_C_Receptacle_USB2.0,
J2,TFT_2.83IN_240X320_50PIN,1,Conn_01x50,
J3,JST_PH_B2B-PH-SM4-TB_1x02-1MP_P2.00mm_Vertical,1,JST_PH_B2B-PH,
J4,PinHeader_1x02_P2.54mm_Vertical,1,2.54x2 Header,
"Q1, Q3, Q4, Q5",SOT-23,4,DMG2301L,
Q2,SOT-363_SC-70-6,1,MBT3904DW1,
"R10, R36",0603,2,0,
"R11, R12, R13, R14, R19, R20, R22, R26, R30, R31, R32, R33, R34, R35, R6",0603,15,10k,
"R15, R16, R17, R18",0603,4,10,
R21,0805,1,3R3,
"R23, R24",0603,2,300k,
R25,0603,1,4k7,
"R27, R28, R29",0603,3,330,
"R7, R9",0603,2,5.1k,
R8,0603,1,3k,
"S1, S10, S11, S12, S13, S14, S15, S16, S17, S18, S19, S2, S20, S22, S23, S24, S25, S26, S3, S4, S5, S6, S7, S8, S9",SW_SPST_TL3342,25,TL3342F160QG,
U1,SOT-23-5,1,MCP73831-2-OT,
U2,SOT-23-5,1,XC6220B331,
U3,SOIC-16_3.9x9.9mm_P1.27mm,1,CH340C,
U4,SOT-666,1,USBLC6-2P6,
U5,XDCR_LIS3DHTR,1,LIS3DHTR,
U6,Heimdall vertical,1,TSSP77038,
U7,QFN-48-1EP_7x7mm_P0.5mm_EP5.3x5.3mm_ThermalVias_MR,1,ESP32-PICO-D4,
U8,SOT-23-5,1,AP2112K-3.3,
